<?xml version="1.0" encoding="utf-8"?>
<!--/4490/956206/2.49/4/3/Integrated Circuit/-->
<quadcept_library>
  <setting unit="mil" />
  <textstyle name="Default" height="47.244094488189" strokewidth="7.8740157480315" charwidth="47.244094488189" />
  <textstyle name="Dimension" height="19.6850393700787" strokewidth="0" charwidth="19.6850393700787" />
  <textstyle name="H127W0635TH00762" height="50" strokewidth="3" charwidth="25" />
  <textstyle name="H15W15TH02" height="59.0551181102362" strokewidth="7.8740157480315" charwidth="59.0551181102362" />
  <padstyle name="r125_95" surface="True" plated="False" isvia="False" nopaste="False" nomask="True" complex="False" holesize="0">
    <padshape layer="TOP" shape="rectangle" width="37.401574803149" height="49.212598425196" />
    <padshape layer="TOP_SOLDER_MASK" shape="rectangle" width="45.275590551181" height="57.086614173228" />
    <padshape layer="TOP_SOLDER_PASTE" shape="rectangle" width="37.401574803149" height="49.212598425196" />
  </padstyle>
  <padstyle name="r320_125" surface="True" plated="False" isvia="False" nopaste="False" nomask="True" complex="False" holesize="0">
    <padshape layer="TOP" shape="rectangle" width="49.212598425196" height="125.9842519685" />
    <padshape layer="TOP_SOLDER_MASK" shape="rectangle" width="57.086614173228" height="133.85826771653" />
    <padshape layer="TOP_SOLDER_PASTE" shape="rectangle" width="49.212598425196" height="125.9842519685" />
  </padstyle>
  <footprint name="SOT230P700X180-4N" originx="0" originy="0" pickpointx="0" pickpointy="0">
    <pcbpin number="1" name="1" style="r125_95" originx="-133.85826771653" originy="90.551181102361" rotation="90" />
    <pcbpin number="2" name="2" style="r125_95" originx="-133.85826771653" originy="0" rotation="90" />
    <pcbpin number="3" name="3" style="r125_95" originx="-133.85826771653" originy="-90.551181102361" rotation="90" />
    <pcbpin number="4" name="4" style="r320_125" originx="133.85826771653" originy="0" rotation="0" />
    <line layer="TOP_PLACE_BOUND" originx="-168.30708661417" originy="141.73228346457" endx="168.30708661417" endy="141.73228346457" width="1.9685039370079" />
    <line layer="TOP_PLACE_BOUND" originx="168.30708661417" originy="141.73228346457" endx="168.30708661417" endy="-141.73228346457" width="1.9685039370079" />
    <line layer="TOP_PLACE_BOUND" originx="168.30708661417" originy="-141.73228346457" endx="-168.30708661417" endy="-141.73228346457" width="1.9685039370079" />
    <line layer="TOP_PLACE_BOUND" originx="-168.30708661417" originy="-141.73228346457" endx="-168.30708661417" endy="141.73228346457" width="1.9685039370079" />
    <line layer="TOP_ASSEMBLY" originx="-68.897637795275" originy="127.95275590551" endx="68.897637795275" endy="127.95275590551" width="3.9370078740157" />
    <line layer="TOP_ASSEMBLY" originx="68.897637795275" originy="127.95275590551" endx="68.897637795275" endy="-127.95275590551" width="3.9370078740157" />
    <line layer="TOP_ASSEMBLY" originx="68.897637795275" originy="-127.95275590551" endx="-68.897637795275" endy="-127.95275590551" width="3.9370078740157" />
    <line layer="TOP_ASSEMBLY" originx="-68.897637795275" originy="-127.95275590551" endx="-68.897637795275" endy="127.95275590551" width="3.9370078740157" />
    <line layer="TOP_ASSEMBLY" originx="-68.897637795275" originy="37.401574803149" endx="21.653543307086" endy="127.95275590551" width="3.9370078740157" />
    <line layer="TOP_SILKSCREEN" originx="-68.897637795275" originy="127.95275590551" endx="68.897637795275" endy="127.95275590551" width="7.8740157480314" />
    <line layer="TOP_SILKSCREEN" originx="68.897637795275" originy="127.95275590551" endx="68.897637795275" endy="-127.95275590551" width="7.8740157480314" />
    <line layer="TOP_SILKSCREEN" originx="68.897637795275" originy="-127.95275590551" endx="-68.897637795275" endy="-127.95275590551" width="7.8740157480314" />
    <line layer="TOP_SILKSCREEN" originx="-68.897637795275" originy="-127.95275590551" endx="-68.897637795275" endy="127.95275590551" width="7.8740157480314" />
    <line layer="TOP_SILKSCREEN" originx="-158.46456692913" originy="123.03149606299" endx="-109.25196850394" endy="123.03149606299" width="7.8740157480314" />
  </footprint>
  <symbol name="FDT434P" originx="0" originy="0">
    <line originx="200" originy="100" endx="800" endy="100" width="0" />
    <line originx="800" originy="-300" endx="800" endy="100" width="0" />
    <line originx="800" originy="-300" endx="200" endy="-300" width="0" />
    <line originx="200" originy="100" endx="200" endy="-300" width="0" />
    <sympin number="1" originx="200" originy="0" rotation="180" length="100" width="7.8740157480315" flipped="False">
      <text name="pinname" originx="230" originy="0" style="Default" rotation="0" justify="left" flipped="False" hidden="False" data="G" />
      <text name="pindes" originx="140" originy="20" style="Default" rotation="0" justify="lowerright" flipped="False" hidden="False" data="1" />
    </sympin>
    <sympin number="2" originx="200" originy="-100" rotation="180" length="100" width="7.8740157480315" flipped="False">
      <text name="pinname" originx="230" originy="-100" style="Default" rotation="0" justify="left" flipped="False" hidden="False" data="D_1" />
      <text name="pindes" originx="140" originy="-80" style="Default" rotation="0" justify="lowerright" flipped="False" hidden="False" data="2" />
    </sympin>
    <sympin number="3" originx="200" originy="-200" rotation="180" length="100" width="7.8740157480315" flipped="False">
      <text name="pinname" originx="230" originy="-200" style="Default" rotation="0" justify="left" flipped="False" hidden="False" data="S" />
      <text name="pindes" originx="140" originy="-180" style="Default" rotation="0" justify="lowerright" flipped="False" hidden="False" data="3" />
    </sympin>
    <sympin number="4" originx="800" originy="0" rotation="0" length="100" width="7.8740157480315" flipped="False">
      <text name="pinname" originx="770" originy="0" style="Default" rotation="0" justify="right" flipped="False" hidden="False" data="D_2" />
      <text name="pindes" originx="860" originy="20" style="Default" rotation="0" justify="lowerleft" flipped="False" hidden="False" data="4" />
    </sympin>
  </symbol>
  <component name="FDT434P" designatorprefix="IC" height="70.866141732283" footprint="SOT230P700X180-4N">
    <comppin designator="1" sympin="1" pinswap="0" gateswap="0" gate="1" group="1" side="" type="Any" name="G" />
    <comppin designator="2" sympin="2" pinswap="0" gateswap="0" gate="1" group="1" side="" type="Any" name="D_1" />
    <comppin designator="3" sympin="3" pinswap="0" gateswap="0" gate="1" group="1" side="" type="Any" name="S" />
    <comppin designator="4" sympin="4" pinswap="0" gateswap="0" gate="1" group="1" side="" type="Any" name="D_2" />
    <attached_symbol gate="1" name="FDT434P" />
    <pinmap designator="1" footprintpin="1" />
    <pinmap designator="2" footprintpin="2" />
    <pinmap designator="3" footprintpin="3" />
    <pinmap designator="4" footprintpin="4" />
    <text name="Datasheet" originx="0" originy="0" style="Default" rotation="0" justify="" flipped="False" hidden="True" data="https://datasheet.datasheetarchive.com/originals/distributors/Datasheets_SAMA/3722b20eb3708cce3e419f4777b084b5.pdf" />
    <text name="Description" originx="0" originy="0" style="Default" rotation="0" justify="" flipped="False" hidden="True" data="FDT434P, P-channel MOSFET Transistor 6 A 20 V, 4-Pin SOT-223" />
    <text name="Manufacturer_Name" originx="0" originy="0" style="Default" rotation="0" justify="" flipped="False" hidden="True" data="onsemi" />
    <text name="Manufacturer_Part_Number" originx="850" originy="200" style="Default" rotation="0" justify="left" flipped="False" hidden="False" data="FDT434P" />
    <text name="Mouser Part Number" originx="0" originy="0" style="Default" rotation="0" justify="" flipped="False" hidden="True" data="512-FDT434P" />
    <text name="Mouser Price/Stock" originx="0" originy="0" style="Default" rotation="0" justify="" flipped="False" hidden="True" data="https://www.mouser.co.uk/ProductDetail/ON-Semiconductor-Fairchild/FDT434P?qs=FOlmdCx%252BAA0g7R7ehvwk%2FA%3D%3D" />
    <text name="Arrow Part Number" originx="0" originy="0" style="Default" rotation="0" justify="" flipped="False" hidden="True" data="FDT434P" />
    <text name="Arrow Price/Stock" originx="0" originy="0" style="Default" rotation="0" justify="" flipped="False" hidden="True" data="https://www.arrow.com/en/products/fdt434p/on-semiconductor" />
    <text name="Mouser Testing Part Number" originx="0" originy="0" style="Default" rotation="0" justify="" flipped="False" hidden="True" data="" />
    <text name="Mouser Testing Price/Stock" originx="0" originy="0" style="Default" rotation="0" justify="" flipped="False" hidden="True" data="" />
  </component>
</quadcept_library>
